Model,Accuracy,Precision,Recall,F1,ROC-AUC
Logistic Regression,0.6501903979690883,0.16135593220338984,0.42298578199052134,0.23360052347456242,0.5707503628902462
Random Forest,0.733293511535877,0.15745454545454546,0.2565165876777251,0.19513294276701218,0.5326855548424844
XGBoost,0.8720226984245502,0.25,0.007701421800947867,0.014942528735632184,0.5723508252842893
